source_id,dataset_name,domain,provider,official_url,geographic_coverage,temporal_coverage,spatial_resolution,format,license,download_method,download_date,current_status,planned_use,notes
WP-01,"WPdx+ global export (supplied by user; Tanzania = 17,518 rows)",water_points,Water Point Data Exchange (WPdx),https://www.waterpointdata.org/access-data/,Global (19 countries); Tanzania Mainland only for TZ,Observations 1978–2024; 99.1% of TZ rows 2004–2009,point,"CSV (73 cols, 587 MB)",'fully free and open' (WPdx site); no licence string in API metadata,manual export by user (Downloads); copied unchanged to data/raw,2026-09-12 (file date); copied 2026-09-20,downloaded,primary water-point entity table,sha256 451a35fe…a13d. Label inconsistencies: see water_point_data_audit.md
WP-02,"WPdx-Basic, Tanzania rows",water_points,WPdx,https://data.waterpointdata.org/dataset/Water-Point-Data-Exchange-WPDx-Basic-/jfkt-jmqa/data,Tanzania (API filter clean_country_name='Tanzania'),2002–2024 (91% 2004–2009),point,"CSV via Socrata API (28,256 rows)",as WP-01,curl https://data.waterpointdata.org/resource/jfkt-jmqa.csv?$where=clean_country_name='Tanzania'&$limit=50000,2026-09-20,downloaded,comparison / possible extra points and later refresh,"Contains 2,155 rows from a Uganda-named dataset lying inside TZ and 2,519 rows sharing coordinates; row_id not comparable with WPdx+"
WP-03,WPdx+ API (verification only),water_points,WPdx,https://data.waterpointdata.org/dataset/Water-Point-Data-Exchange-Plus-WPDx-/eqje-vguj/data,Global,-,point,Socrata JSON/CSV,as WP-01,API count query only,2026-09-20,"referenced (count check: 17,518 TZ rows = user file)",future refresh of the WPdx+ Tanzania rows,No separate Tanzania-only WPdx+ file exists
POP-01,"WorldPop Global2 R2025A v1 - Tanzania population 2022 (constrained, 100 m)",population,"WorldPop, University of Southampton",https://hub.worldpop.org/rest/data/pop/G2_CN_POP_R25A_100m?iso3=TZA,Tanzania (country file),2015–2030 annual (2022 downloaded),3 arc-sec (~100 m),GeoTIFF float32 EPSG:4326,CC BY 4.0,curl https://data.worldpop.org/GIS/Population/Global_2015_2030/R2025A/2022/TZA/v1/100m/constrained/tza_pop_2022_CN_100m_R2025A_v1.tif,2026-09-20,downloaded,population within radius / density around each water point,Catalogue flags R2025A as alpha; DOI 10.5258/SOTON/WP00839; national sum 63.77M
POP-02,NBS 2022 PHC - Administrative Units Population Distribution Report Vol. 1a,population,Tanzania National Bureau of Statistics,https://www.nbs.go.tz/nbs/takwimu/Census2022/Administrative_units_Population_Distribution_Report_Tanzania_volume1a.pdf,"Tanzania (regions, councils, wards in this volume)",Census night Aug 2022,ward,PDF (290 pp),NBS terms not stated on the page; cite NBS,curl (direct URL),2026-09-20,downloaded,ward population validation/control (79.4% of wards matched),Parsed to data/interim/nbs_ward_population_2022_parsed.csv
POP-03,NBS 2022 PHC microdata (public-use),population,Tanzania National Bureau of Statistics,https://microdata.nbs.go.tz/index.php/catalog/45,Tanzania,2022,household/individual (anonymised),microdata files,NBS confidentiality declaration; no redistribution without approval,manual (accept terms on the portal),,manual download required,"optional: household size, water-source-by-ward indicators",Not needed for the first prototype
POP-04,NBS 2022 census - council population projections 2023–2050,population,Tanzania National Bureau of Statistics,https://www.nbs.go.tz/statistics/topic/census-2022,Tanzania (council),2023–2050,council,PDF/Excel (per NBS listing),NBS,manual (page lists projections by region),,not downloaded,future-year population scaling,Listed on the NBS census page; file names not verified
CLI-01,CHIRPS v3.0 monthly rainfall (Africa) - Tanzania window,climate,"Climate Hazards Center, UC Santa Barbara",https://data.chc.ucsb.edu/products/CHIRPS/v3.0/monthly/africa/tifs/,"Tanzania window 29–41E, 12–0.5S",1981-01 to 2026-08 (548 months),0.05 deg,"GeoTIFF (stacked, 548 bands, 127 MB)",CC BY 4.0; DOI 10.15780/G2JQ0P,scripts/01_download_chirps_tz.py (HTTP range reads of each monthly tif),2026-09-20,downloaded,"rainfall, anomalies, dry-month features",Values unchanged; only spatially clipped
CLI-02,CHIRPS v3.0 daily (final),climate,Climate Hazards Center,https://data.chc.ucsb.edu/products/CHIRPS/v3.0/daily/final/,Global/Africa,1981–present,0.05 deg,GeoTIFF/COG,CC BY 4.0,direct HTTP,,not downloaded (optional),"dry-spell length, rainy days if rainfall proves important",Large; clip to Tanzania on read
CLI-03,ERA5-Land monthly averaged data,climate,ECMWF / Copernicus Climate Change Service,https://cds.climate.copernicus.eu/datasets/reanalysis-era5-land-monthly-means,Global (subset to Tanzania),1950–present (2–3 month lag),0.1 deg,GRIB / NetCDF,CC-BY (per CDS page),manual / CDS API (needs your account + API key),,manual download required,temperature and soil-moisture features,No credentials on this machine; see DATA_DOWNLOAD_INSTRUCTIONS.md
CLI-04,TMA station climate data,climate,Tanzania Meteorological Authority,https://www.meteo.go.tz/ ; https://portal.meteo.go.tz/portal/library_home,Tanzania stations,"long records, sparse/partly digitised (secondary source: ~30% digitised)",point stations,not published as open files,"Restricted / by request (met@meteo.go.tz, +255 26 2962610)",formal request,,not openly available,bias-check of CHIRPS; station rainfall/temperature,Access terms unknown until TMA replies
GEO-01,NBS 2022 PHC Tanzania wards (shapefile),geographic,Tanzania National Bureau of Statistics,https://www.nbs.go.tz/uploads/statistics/documents/en-1714652282-TANZANIA_2022PHC_WARD_SHAPEFILES.zip,"Tanzania (4,344 wards)",2022 boundaries,ward polygons,ESRI Shapefile (zip 10.4 MB),NBS terms not stated on the page; cite NBS,curl (direct URL),2026-09-20,downloaded,region/district/ward assignment; spatial CV groups,CRS EPSG:3395 as read; 0.48% invalid polygons fixed with make_valid
GEO-02,geoBoundaries gbOpen TZA ADM0,geographic,geoBoundaries (William & Mary geoLab),https://www.geoboundaries.org/api/current/gbOpen/TZA/ADM0/,Tanzania,2021 (build 12 Dec 2023),polygon,GeoJSON,CC BY 4.0,curl via API URL,2026-09-20,downloaded,country border QA,
GEO-03,geoBoundaries gbOpen TZA ADM1,geographic,geoBoundaries,https://www.geoboundaries.org/api/current/gbOpen/TZA/ADM1/,Tanzania,2015,polygon,GeoJSON,ODbL 1.0,curl,2026-09-20,downloaded,cross-check only (older than NBS 2022),
GEO-04,geoBoundaries gbOpen TZA ADM2,geographic,geoBoundaries (source NBS/UN OCHA ROSA),https://www.geoboundaries.org/api/current/gbOpen/TZA/ADM2/,Tanzania,2021,polygon,GeoJSON,CC BY 3.0 IGO,curl,2026-09-20,downloaded,cross-check,
GEO-05,geoBoundaries gbOpen TZA ADM3,geographic,geoBoundaries (OSM),https://www.geoboundaries.org/api/current/gbOpen/TZA/ADM3/,"Tanzania (3,644 units)",2015,polygon,GeoJSON,ODbL 1.0,curl,2026-09-20,downloaded,cross-check,Not used for the master dataset (NBS 2022 wards preferred)
GEO-06,Tanzania Healthsites (HDX),geographic,Healthsites.io via HDX,https://data.humdata.org/dataset/tanzania-healthsites,Tanzania,2011-11-02 to 2025-12-13,"point (6,729)",GeoJSON (6.5 MB),ODbL,curl (HDX resource URL),2026-09-20,downloaded,distance to nearest health facility (community-impact context),Completeness varies
GEO-07,OSM Education Facilities of Tanzania (HOT export via HDX),geographic,Humanitarian OpenStreetMap Team via HDX,https://data.humdata.org/dataset/hotosm_tza_education_facilities,Tanzania,snapshot dated 2026-09-10,"points + polygons (103,030)",GeoJSON zip (7 MB),ODbL,curl (HDX resource URL),2026-09-20,downloaded,distance to nearest school (impact context),Polygon centroids used
GEO-08,OpenStreetMap Tanzania extract (Geofabrik),geographic,Geofabrik / OpenStreetMap contributors,https://download.geofabrik.de/africa/tanzania.html,Tanzania,daily snapshot,vector,"PBF 705,783,873 bytes; shp.zip 1,914,147,177 bytes",ODbL,direct HTTP,,not downloaded (size),roads/settlements for reproducible accessibility features,WPdx+ already has road-distance columns for the prototype
GEO-09,Roads of Tanzania (HOT export via HDX),geographic,HOT via HDX,https://data.humdata.org/dataset/hotosm_tza_roads,Tanzania,snapshot,lines,GeoJSON 371 MB / GPKG 619 MB / SHP 616 MB,ODbL,HDX resource URL,,not downloaded (size),alternative to GEO-08 for roads only,
GEO-10,NBS 2012 PHC ward shapefile and 2019 district shapefile,geographic,Tanzania National Bureau of Statistics,https://www.nbs.go.tz/statistics/topic/gis,Tanzania,2012 / 2019,polygons,ESRI Shapefile zips,NBS,direct URLs listed on the page,,not downloaded,historic boundaries if survey-era admin units are needed,"Files listed: 2012_Ward_Shapefiles.zip, Districts_Shapefiles_2019.zip"
