file,bytes,sha256
data/raw/climate/chirps_v3_monthly_TZA/chirps-v3.0_monthly_TZA_clip_1981-2026.meta.json,333,604a9983d944ec2197fa6b43b84208a10a17f1f831a6ba90a40da0c3da270459
data/raw/climate/chirps_v3_monthly_TZA/chirps-v3.0_monthly_TZA_clip_1981-2026.tif,127173128,8180f9c2fcd45abdff59914b92cc2cc56318485a66add2bad181630f1925c7f5
data/raw/geographic/facilities/hotosm_tza_education_facilities_hotosm_tza_education_facilities_osm_geojson.zip,7047476,8fcfeb02d0a71fcab84bf32e23b9ab91067c8588b656081a2d4718d300e2dcf2
data/raw/geographic/facilities/hotosm_tza_education_facilities_hotosm_tza_education_facilities_osm_geojson.zip.meta.json,1256,655eff2bfc110c2007e3037b86314b3dbe1011a8eb4eb61a3c942fd6abac96c7
data/raw/geographic/facilities/tanzania-healthsites_tanzania.geojson,6485905,4da172cae7b20c0a0b3b41d521758443fefbe18e71fe57b6ee18775cb1d79c61
data/raw/geographic/facilities/tanzania-healthsites_tanzania.geojson.meta.json,661,c411cc81a44ebf9dca965c97d08c053bd4882f0a5c45b3049bd80cac96a3a9ff
data/raw/geographic/geoboundaries_TZA/geoBoundaries-TZA-ADM0.geojson,11508867,41ab6299edd6147e6868d34d5255aa2d6dc4a192dda578d9d8dc8ca20a42bf20
data/raw/geographic/geoboundaries_TZA/geoBoundaries-TZA-ADM0.meta.json,1797,e609e6c2d506286380a921395e999e819cd74d9ec25d3abfa1f31a986b3a6111
data/raw/geographic/geoboundaries_TZA/geoBoundaries-TZA-ADM1.geojson,2284254,02ffe153dc2809c78b364349cd696f0176a84413d0bb11a0b1083d5b2aa2e14e
data/raw/geographic/geoboundaries_TZA/geoBoundaries-TZA-ADM1.meta.json,1708,789fe1a47706762c3572c44c4e278bebace90a7d058939a66f79cf5b5bdd5ce1
data/raw/geographic/geoboundaries_TZA/geoBoundaries-TZA-ADM2.geojson,18460248,1eb3cbe313f1213bbcb1fb9c9aaf72c10d1c8d02ea24caa5d10d953c0a949c7c
data/raw/geographic/geoboundaries_TZA/geoBoundaries-TZA-ADM2.meta.json,1964,fc9d1ed1a47ee355eca503d802f0d10e6c02044e0c9a7b6e73698335615322e7
data/raw/geographic/geoboundaries_TZA/geoBoundaries-TZA-ADM3.geojson,49100473,2f5ca79049c56f0eb6e3f5d275f15af9ab396885e4233afa6e0e90d71c9e58ba
data/raw/geographic/geoboundaries_TZA/geoBoundaries-TZA-ADM3.meta.json,1718,e58d08756582a31f9a01fa970825ce30e44cfadb710ff84ca0b889b7969f7e1d
data/raw/geographic/nbs_tz_2022_wards/TANZANIA_2022PHC_WARD_SHAPEFILES.zip,10419963,a81eecf5021d1904d2d57a3c5ea40b8c3f538cd5b227e8d68a302653a6d1466e
data/raw/population/nbs_census2022/Administrative_units_Population_Distribution_Report_Tanzania_volume1a.pdf,15016674,6f41eee70eefd764efaea876e0b13546666a69c5b91c1f50e5d9b38c3f78d1b9
data/raw/population/worldpop_R2025A_TZA/WorldPop_licence.txt,19271,cb0b6ac8fb7d24e900d3bcba5474cf022a6fef3646fa5b94e6019b54f63be25f
data/raw/population/worldpop_R2025A_TZA/catalogue_record_R2025A.json,35658,eb93a47365fbfad4828f494e0769d747bcf7fcc4b1af4c62449ce5b70847d8f7
data/raw/population/worldpop_R2025A_TZA/tza_pop_2022_CN_100m_R2025A_v1.tif,135374149,58f03ffea1c32be651788aafe3d4330a948d687440f082ddffb83adbce8b0a51
data/raw/water_points/WPdx_Plus_global_export_20260912.csv,587322818,451a35fefb1981922b88abf953d0870673a1d8486521515485f6d9165078a13d
data/raw/water_points/wpdx_basic_tanzania_api_2026-09-20.csv,24937042,7e7ca19c0cd8687a37421d438931059337b940c1f4cdf6b10822f32939cf0bd1
